id,timestamp,player_id,aim_offset_x,aim_offset_y,hit_x,hit_y,hit_z
1,2025-07-23T15:31:02.549870,BP_TelemetryFPS4Character_C_0,357.22,142.0,-1800.25,585.3,245.54
2,2025-07-23T15:31:02.730139,BP_TelemetryFPS4Character_C_0,358.24,143.6,-1713.48,518.49,270.29
3,2025-07-23T15:31:02.929854,BP_TelemetryFPS4Character_C_0,358.23,147.41,-1661.45,465.66,272.29
4,2025-07-23T15:31:03.132099,BP_TelemetryFPS4Character_C_0,358.32,153.02,-1582.73,418.91,276.55
5,2025-07-23T15:31:03.364658,BP_TelemetryFPS4Character_C_0,358.15,158.2,-1633.09,448.67,271.63
6,2025-07-23T15:31:03.566487,BP_TelemetryFPS4Character_C_0,357.63,166.44,-1405.36,344.66,272.57
7,2025-07-23T15:31:03.767710,BP_TelemetryFPS4Character_C_0,357.31,168.68,-1448.41,411.88,265.39
8,2025-07-23T15:31:03.966917,BP_TelemetryFPS4Character_C_0,357.48,167.98,-1683.77,572.96,256.32
9,2025-07-23T15:31:04.169621,BP_TelemetryFPS4Character_C_0,359.98,172.32,-1877.16,688.35,303.71
10,2025-07-23T15:31:04.407114,BP_TelemetryFPS4Character_C_0,358.76,170.32,-2069.37,759.21,273.14
11,2025-07-23T15:31:04.608554,BP_TelemetryFPS4Character_C_0,358.24,164.5,-1687.5,740.76,271.59
12,2025-07-23T15:31:04.809082,BP_TelemetryFPS4Character_C_0,359.31,162.46,-1729.09,728.19,290.24
13,2025-07-23T15:31:05.009830,BP_TelemetryFPS4Character_C_0,359.97,159.12,-911.01,417.18,303.99
14,2025-07-23T15:31:05.245786,BP_TelemetryFPS4Character_C_0,359.27,152.72,-1260.64,500.36,293.85
15,2025-07-23T15:31:05.447053,BP_TelemetryFPS4Character_C_0,357.9,149.22,-1296.13,461.69,273.48
16,2025-07-23T15:31:05.647779,BP_TelemetryFPS4Character_C_0,356.54,143.22,-1218.65,397.89,262.03
17,2025-07-23T15:31:05.883246,BP_TelemetryFPS4Character_C_0,355.67,137.23,-1094.91,285.73,268.17
18,2025-07-23T15:31:06.084346,BP_TelemetryFPS4Character_C_0,352.61,128.87,-1111.15,183.7,266.82
19,2025-07-23T15:31:06.285536,BP_TelemetryFPS4Character_C_0,352.96,127.82,-1197.56,161.04,268.37
20,2025-07-23T15:31:06.521072,BP_TelemetryFPS4Character_C_0,355.15,127.37,-1368.27,251.39,265.0
21,2025-07-23T15:31:06.721734,BP_TelemetryFPS4Character_C_0,356.2,128.94,-1748.58,405.59,250.3
22,2025-07-23T15:31:06.922701,BP_TelemetryFPS4Character_C_0,356.2,128.94,-1765.2,287.72,259.67
23,2025-07-23T15:31:07.124573,BP_TelemetryFPS4Character_C_0,357.72,129.86,-2043.12,418.52,271.31
24,2025-07-23T15:31:07.358215,BP_TelemetryFPS4Character_C_0,356.85,129.88,-2403.48,741.38,236.2
25,2025-07-23T15:31:07.561567,BP_TelemetryFPS4Character_C_0,356.78,125.42,-2170.94,453.48,259.36
26,2025-07-23T15:31:07.763190,BP_TelemetryFPS4Character_C_0,356.6,122.53,-2151.78,360.71,265.99
27,2025-07-23T15:31:07.964939,BP_TelemetryFPS4Character_C_0,352.48,57.58,-2014.51,37.75,273.27
28,2025-07-23T15:31:08.164916,BP_TelemetryFPS4Character_C_0,356.47,56.63,-2127.25,-25.53,291.8
29,2025-07-23T15:31:08.401506,BP_TelemetryFPS4Character_C_0,357.96,50.91,-2084.41,4.06,291.96
30,2025-07-23T15:31:08.603136,BP_TelemetryFPS4Character_C_0,355.74,48.95,-2303.36,-269.07,296.82
31,2025-07-23T15:31:08.805680,BP_TelemetryFPS4Character_C_0,355.56,48.12,-2306.75,-243.11,287.32
32,2025-07-23T15:31:09.041807,BP_TelemetryFPS4Character_C_0,354.09,36.93,-2330.38,-256.0,276.68
33,2025-07-23T15:31:09.243399,BP_TelemetryFPS4Character_C_0,351.47,25.54,-2452.28,-317.64,273.86
34,2025-07-23T15:31:09.444974,BP_TelemetryFPS4Character_C_0,349.52,19.98,-2507.24,-281.58,261.26
35,2025-07-23T15:31:09.646752,BP_TelemetryFPS4Character_C_0,344.64,27.02,-2682.35,-155.66,272.66
36,2025-07-23T15:31:09.847570,BP_TelemetryFPS4Character_C_0,346.25,51.75,-2706.42,-36.36,270.87
37,2025-07-23T15:31:10.083506,BP_TelemetryFPS4Character_C_0,344.73,30.29,-2683.96,-101.51,273.19
38,2025-07-23T15:31:10.251904,BP_TelemetryFPS4Character_C_0,343.02,11.17,-2750.24,-155.94,295.02
39,2025-07-23T15:31:10.488049,BP_TelemetryFPS4Character_C_0,330.98,17.38,-2720.04,-116.22,278.55
40,2025-07-23T15:31:10.689231,BP_TelemetryFPS4Character_C_0,307.24,11.7,-2751.01,-131.15,271.88
41,2025-07-23T15:31:10.922714,BP_TelemetryFPS4Character_C_0,303.18,43.72,-2761.88,-99.44,270.09
42,2025-07-23T15:31:11.124761,BP_TelemetryFPS4Character_C_0,311.72,51.47,-2768.68,-92.5,267.27
43,2025-07-23T15:31:11.359714,BP_TelemetryFPS4Character_C_0,317.66,33.59,-2753.16,-118.07,271.95
44,2025-07-23T15:31:11.559435,BP_TelemetryFPS4Character_C_0,316.18,10.81,-2751.54,-155.97,279.62
45,2025-07-23T15:31:11.793604,BP_TelemetryFPS4Character_C_0,316.09,337.65,-2742.31,-202.36,249.67
46,2025-07-23T15:31:11.996944,BP_TelemetryFPS4Character_C_0,316.94,315.24,-2758.37,-233.48,247.62
47,2025-07-23T15:31:12.231061,BP_TelemetryFPS4Character_C_0,321.0,304.49,-2787.96,-219.98,278.25
48,2025-07-23T15:31:12.432812,BP_TelemetryFPS4Character_C_0,324.74,288.95,-2804.33,-223.49,284.53
49,2025-07-23T15:31:12.667900,BP_TelemetryFPS4Character_C_0,327.82,282.95,-2809.99,-225.83,286.42
50,2025-07-23T15:31:12.836345,BP_TelemetryFPS4Character_C_0,331.6,291.54,-2784.44,-266.74,264.08
51,2025-07-23T15:31:13.071985,BP_TelemetryFPS4Character_C_0,321.14,335.63,-2751.83,-201.16,265.32
52,2025-07-23T15:31:13.307573,BP_TelemetryFPS4Character_C_0,319.16,2.9,-2705.9,-176.09,233.38
53,2025-07-23T15:31:13.508644,BP_TelemetryFPS4Character_C_0,323.8,9.57,-2707.32,-177.01,243.25
54,2025-07-23T15:31:13.710321,BP_TelemetryFPS4Character_C_0,325.07,326.25,-2762.97,-234.97,277.95
55,2025-07-23T15:31:13.911659,BP_TelemetryFPS4Character_C_0,330.83,275.71,-2814.65,-259.2,287.29
56,2025-07-23T15:31:14.148206,BP_TelemetryFPS4Character_C_0,331.59,267.01,-2824.97,-272.11,281.1
57,2025-07-23T15:31:14.348825,BP_TelemetryFPS4Character_C_0,329.99,289.63,-2801.07,-252.07,289.16
58,2025-07-23T15:31:14.552135,BP_TelemetryFPS4Character_C_0,331.86,283.24,-2792.68,-333.28,255.79
59,2025-07-23T15:31:14.754376,BP_TelemetryFPS4Character_C_0,334.79,275.56,-2809.69,-331.26,264.85
60,2025-07-23T15:31:14.992275,BP_TelemetryFPS4Character_C_0,332.84,277.03,-2807.21,-330.15,264.91
61,2025-07-23T15:31:15.193241,BP_TelemetryFPS4Character_C_0,347.71,8.32,-2547.52,-485.97,264.22
62,2025-07-23T15:31:15.429410,BP_TelemetryFPS4Character_C_0,345.69,79.12,-2736.66,-435.66,279.04
63,2025-07-23T15:31:15.664524,BP_TelemetryFPS4Character_C_0,356.71,108.8,-2770.83,-483.28,294.23
64,2025-07-23T15:31:15.899758,BP_TelemetryFPS4Character_C_0,350.8,93.96,-2643.47,-518.57,273.66
65,2025-07-23T15:31:16.101768,BP_TelemetryFPS4Character_C_0,353.79,81.37,-2565.51,-533.55,273.67
66,2025-07-23T15:31:16.303215,BP_TelemetryFPS4Character_C_0,355.64,72.99,-2534.52,-620.31,280.43
67,2025-07-23T15:31:16.505329,BP_TelemetryFPS4Character_C_0,356.55,88.56,-2636.11,-595.94,278.16
68,2025-07-23T15:31:16.739589,BP_TelemetryFPS4Character_C_0,356.7,100.62,-2738.56,-661.4,276.08
69,2025-07-23T15:31:16.941986,BP_TelemetryFPS4Character_C_0,355.65,105.87,-2757.66,-805.53,268.59
70,2025-07-23T15:31:17.143973,BP_TelemetryFPS4Character_C_0,350.77,107.7,-2663.82,-1157.49,272.61
71,2025-07-23T15:31:17.377128,BP_TelemetryFPS4Character_C_0,348.19,96.04,-2595.22,-1278.56,272.26
72,2025-07-23T15:31:17.578348,BP_TelemetryFPS4Character_C_0,346.79,90.97,-2569.03,-1362.22,266.41
73,2025-07-23T15:31:17.779609,BP_TelemetryFPS4Character_C_0,356.31,86.13,-2542.17,-1317.29,282.75
74,2025-07-23T15:31:18.015147,BP_TelemetryFPS4Character_C_0,359.79,93.78,-2587.11,-1452.05,302.94
75,2025-07-23T15:31:18.214416,BP_TelemetryFPS4Character_C_0,359.44,97.45,-2611.32,-1468.9,300.28
76,2025-07-23T15:31:18.418129,BP_TelemetryFPS4Character_C_0,355.41,102.01,-2629.48,-1563.83,272.39
77,2025-07-23T15:31:18.618809,BP_TelemetryFPS4Character_C_0,354.01,97.99,-2562.66,-1793.35,274.14
78,2025-07-23T15:31:18.854987,BP_TelemetryFPS4Character_C_0,356.63,93.79,-2541.66,-1722.88,278.83
79,2025-07-23T15:31:19.089412,BP_TelemetryFPS4Character_C_0,357.33,88.89,-2475.26,-1628.66,273.97
80,2025-07-23T15:31:19.289698,BP_TelemetryFPS4Character_C_0,356.98,96.76,-2487.79,-1804.47,275.09
81,2025-07-23T15:31:19.525040,BP_TelemetryFPS4Character_C_0,349.74,99.87,-2450.68,-2207.07,257.64
82,2025-07-23T15:31:19.727689,BP_TelemetryFPS4Character_C_0,350.26,99.17,-2497.38,-2303.71,262.33
83,2025-07-23T15:31:19.928486,BP_TelemetryFPS4Character_C_0,351.69,93.61,-2544.16,-2211.8,243.38
84,2025-07-23T15:31:20.130088,BP_TelemetryFPS4Character_C_0,352.04,92.73,-2499.34,-2407.33,261.91
85,2025-07-23T15:31:20.367283,BP_TelemetryFPS4Character_C_0,352.04,92.73,-2430.94,-2495.51,264.71
86,2025-07-23T15:31:20.601503,BP_TelemetryFPS4Character_C_0,351.87,92.91,-2442.82,-2562.69,258.48
87,2025-07-23T15:31:20.834370,BP_TelemetryFPS4Character_C_0,351.69,92.21,-2513.23,-2621.84,253.18
88,2025-07-23T15:31:21.069628,BP_TelemetryFPS4Character_C_0,351.69,83.01,-2524.6,-2714.59,264.54
89,2025-07-23T15:31:21.270361,BP_TelemetryFPS4Character_C_0,351.34,71.99,-2560.71,-2819.14,271.92
90,2025-07-23T15:31:21.506032,BP_TelemetryFPS4Character_C_0,352.22,65.51,-2638.95,-2881.35,273.4
91,2025-07-23T15:31:21.709207,BP_TelemetryFPS4Character_C_0,353.09,70.5,-2700.73,-2721.85,259.52
92,2025-07-23T15:31:21.943436,BP_TelemetryFPS4Character_C_0,352.74,65.79,-2676.32,-2538.79,234.09
93,2025-07-23T15:31:22.178744,BP_TelemetryFPS4Character_C_0,352.74,60.54,-2827.37,-2702.79,263.48
94,2025-07-23T15:31:22.379461,BP_TelemetryFPS4Character_C_0,353.09,60.54,-2799.57,-2442.01,240.0
95,2025-07-23T15:31:22.582184,BP_TelemetryFPS4Character_C_0,353.9,53.03,-2988.32,-2515.67,263.79
96,2025-07-23T15:31:22.817072,BP_TelemetryFPS4Character_C_0,350.75,359.43,-3178.52,-2914.54,280.71
97,2025-07-23T15:31:23.019707,BP_TelemetryFPS4Character_C_0,350.16,348.86,-3279.15,-2875.74,272.57
98,2025-07-23T15:31:23.255695,BP_TelemetryFPS4Character_C_0,350.33,349.21,-3225.13,-2802.95,250.12
99,2025-07-23T15:31:23.457516,BP_TelemetryFPS4Character_C_0,354.5,46.06,-3095.38,-2106.5,230.88
100,2025-07-23T15:31:23.692967,BP_TelemetryFPS4Character_C_0,353.78,31.32,-3064.61,-2240.02,220.9
101,2025-07-23T15:31:23.893341,BP_TelemetryFPS4Character_C_0,354.89,7.22,-3447.64,-2563.57,271.27
102,2025-07-23T15:31:24.130076,BP_TelemetryFPS4Character_C_0,357.23,332.01,-3720.74,-2647.14,293.59
103,2025-07-23T15:31:24.329535,BP_TelemetryFPS4Character_C_0,350.49,319.88,-3828.1,-2691.27,265.8
104,2025-07-23T15:31:24.530773,BP_TelemetryFPS4Character_C_0,347.2,328.33,-3859.27,-2671.25,239.55
105,2025-07-23T15:31:24.764309,BP_TelemetryFPS4Character_C_0,350.22,336.92,-3974.55,-2499.18,273.06
106,2025-07-23T15:31:24.965809,BP_TelemetryFPS4Character_C_0,351.43,358.51,-3992.0,-2437.01,268.66
107,2025-07-23T15:31:25.167481,BP_TelemetryFPS4Character_C_0,350.55,1.31,-4145.93,-2510.08,274.25
108,2025-07-23T15:31:25.369606,BP_TelemetryFPS4Character_C_0,348.76,17.75,-4240.76,-2544.79,271.47
109,2025-07-23T15:31:25.638013,BP_TelemetryFPS4Character_C_0,349.92,40.48,-4330.43,-2608.51,276.53
110,2025-07-23T15:31:25.838593,BP_TelemetryFPS4Character_C_0,352.3,55.41,-4340.16,-2640.72,276.12
111,2025-07-23T15:31:26.072565,BP_TelemetryFPS4Character_C_0,352.42,79.25,-4382.12,-2712.92,273.9
112,2025-07-23T15:31:26.307024,BP_TelemetryFPS4Character_C_0,354.52,95.55,-4391.48,-2879.64,289.25
113,2025-07-23T15:31:26.508126,BP_TelemetryFPS4Character_C_0,351.14,86.53,-4403.95,-3058.52,276.23
114,2025-07-23T15:31:26.743093,BP_TelemetryFPS4Character_C_0,350.82,75.75,-4432.87,-3100.62,269.78
115,2025-07-23T15:31:26.979868,BP_TelemetryFPS4Character_C_0,348.99,54.24,-4474.08,-3227.43,273.63
116,2025-07-23T15:31:27.214478,BP_TelemetryFPS4Character_C_0,350.4,39.46,-4545.36,-3258.2,273.02
117,2025-07-23T15:31:27.448048,BP_TelemetryFPS4Character_C_0,354.16,49.84,-4591.88,-3137.45,272.18
118,2025-07-23T15:31:27.682333,BP_TelemetryFPS4Character_C_0,355.0,35.89,-4614.8,-3152.2,274.2
119,2025-07-23T15:31:27.917450,BP_TelemetryFPS4Character_C_0,351.42,27.71,-4716.56,-3141.08,262.71
120,2025-07-23T15:31:28.152576,BP_TelemetryFPS4Character_C_0,349.67,19.29,-4822.3,-3122.49,269.22
121,2025-07-23T15:31:28.387471,BP_TelemetryFPS4Character_C_0,351.75,6.11,-4818.86,-3072.72,272.79
122,2025-07-23T15:31:28.590001,BP_TelemetryFPS4Character_C_0,354.49,1.51,-4693.31,-2987.28,269.82
123,2025-07-23T15:31:28.792538,BP_TelemetryFPS4Character_C_0,353.87,349.72,-4796.79,-2925.04,276.43
124,2025-07-23T15:31:28.993795,BP_TelemetryFPS4Character_C_0,346.52,346.89,-4779.56,-2857.87,241.35
125,2025-07-23T15:31:29.197971,BP_TelemetryFPS4Character_C_0,340.41,334.73,-4679.35,-2877.24,154.02
126,2025-07-23T15:31:29.398127,BP_TelemetryFPS4Character_C_0,339.86,322.05,-4841.89,-2792.0,188.04
127,2025-07-23T15:31:29.631883,BP_TelemetryFPS4Character_C_0,347.8,316.77,-4958.87,-2606.54,260.02
128,2025-07-23T15:31:29.834278,BP_TelemetryFPS4Character_C_0,349.9,313.79,-4957.46,-2516.14,264.74
129,2025-07-23T15:31:30.069191,BP_TelemetryFPS4Character_C_0,350.78,309.94,-4868.58,-2532.66,243.84
130,2025-07-23T15:31:30.303974,BP_TelemetryFPS4Character_C_0,351.3,308.02,-4869.11,-2465.07,246.68
131,2025-07-23T15:31:30.540195,BP_TelemetryFPS4Character_C_0,348.68,308.97,-4737.26,-2487.22,193.9
132,2025-07-23T15:31:30.741469,BP_TelemetryFPS4Character_C_0,347.02,310.79,-4698.18,-2376.97,173.04
133,2025-07-23T15:31:30.943637,BP_TelemetryFPS4Character_C_0,351.05,310.62,-4703.76,-2245.62,217.76
134,2025-07-23T15:31:31.143441,BP_TelemetryFPS4Character_C_0,356.3,308.52,-4647.2,-1995.47,266.94
135,2025-07-23T15:31:31.378108,BP_TelemetryFPS4Character_C_0,354.72,306.95,-4632.15,-1914.63,247.54
136,2025-07-23T15:31:31.610728,BP_TelemetryFPS4Character_C_0,353.32,296.45,-4739.94,-1794.52,239.04
137,2025-07-23T15:31:31.812247,BP_TelemetryFPS4Character_C_0,354.67,285.5,-4810.76,-1752.38,252.16
138,2025-07-23T15:31:32.013622,BP_TelemetryFPS4Character_C_0,353.44,277.45,-4857.69,-1620.41,246.84
139,2025-07-23T15:31:32.249243,BP_TelemetryFPS4Character_C_0,353.94,264.04,-4931.77,-1155.93,291.45
140,2025-07-23T15:31:32.450534,BP_TelemetryFPS4Character_C_0,352.98,248.43,-5001.74,-1172.02,268.54
141,2025-07-23T15:31:32.685391,BP_TelemetryFPS4Character_C_0,350.3,255.75,-4915.64,-1013.22,269.07
142,2025-07-23T15:31:32.887799,BP_TelemetryFPS4Character_C_0,351.79,264.46,-4923.03,-905.77,274.23
143,2025-07-23T15:31:33.121986,BP_TelemetryFPS4Character_C_0,348.68,272.11,-4945.36,-1218.17,184.19
144,2025-07-23T15:31:33.391322,BP_TelemetryFPS4Character_C_0,348.7,284.95,-4933.65,-1047.76,197.36
145,2025-07-23T15:31:33.592092,BP_TelemetryFPS4Character_C_0,355.18,287.75,-5058.93,-772.49,277.15
146,2025-07-23T15:31:33.861738,BP_TelemetryFPS4Character_C_0,356.23,284.95,-5027.45,-804.5,273.86
147,2025-07-23T15:31:34.097980,BP_TelemetryFPS4Character_C_0,350.73,285.38,-5047.42,-402.56,280.24
148,2025-07-23T15:31:34.334391,BP_TelemetryFPS4Character_C_0,346.36,312.78,-4944.59,-270.5,272.23
149,2025-07-23T15:31:34.603846,BP_TelemetryFPS4Character_C_0,346.51,3.27,-4866.01,-47.26,261.68
150,2025-07-23T15:31:34.806046,BP_TelemetryFPS4Character_C_0,347.55,18.27,-4576.96,193.87,190.2
151,2025-07-23T15:31:35.040135,BP_TelemetryFPS4Character_C_0,350.36,23.3,-4322.87,482.83,159.36
152,2025-07-23T15:31:35.242988,BP_TelemetryFPS4Character_C_0,357.05,15.79,-4424.02,440.1,267.92
153,2025-07-23T15:31:35.477402,BP_TelemetryFPS4Character_C_0,354.52,15.6,-4331.35,544.21,232.16
154,2025-07-23T15:31:35.746849,BP_TelemetryFPS4Character_C_0,356.16,19.22,-3769.38,879.49,216.51
155,2025-07-23T15:31:36.015820,BP_TelemetryFPS4Character_C_0,358.51,12.23,-4146.11,711.31,282.3
156,2025-07-23T15:31:36.250961,BP_TelemetryFPS4Character_C_0,353.43,3.28,-4347.37,665.05,239.41
157,2025-07-23T15:31:36.485616,BP_TelemetryFPS4Character_C_0,357.47,292.49,-4824.59,521.8,294.45
158,2025-07-23T15:31:36.719054,BP_TelemetryFPS4Character_C_0,354.9,288.18,-4884.69,673.9,288.38
159,2025-07-23T15:31:36.954771,BP_TelemetryFPS4Character_C_0,346.89,274.21,-4957.36,784.88,269.31
160,2025-07-23T15:31:37.188849,BP_TelemetryFPS4Character_C_0,342.52,276.83,-4959.41,854.09,249.78
161,2025-07-23T15:31:37.458253,BP_TelemetryFPS4Character_C_0,334.71,281.48,-4951.0,935.03,204.9
162,2025-07-23T15:31:37.692974,BP_TelemetryFPS4Character_C_0,343.06,287.31,-4964.53,1045.99,243.95
163,2025-07-23T15:31:37.963548,BP_TelemetryFPS4Character_C_0,348.13,294.37,-5032.5,1125.35,264.61
164,2025-07-23T15:31:38.199973,BP_TelemetryFPS4Character_C_0,348.65,299.09,-5112.68,1163.57,264.61
165,2025-07-23T15:31:38.434264,BP_TelemetryFPS4Character_C_0,349.0,297.52,-5144.91,1268.83,269.12
166,2025-07-23T15:31:38.667940,BP_TelemetryFPS4Character_C_0,348.83,291.39,-5133.03,1369.37,268.72
167,2025-07-23T15:31:38.935844,BP_TelemetryFPS4Character_C_0,349.88,280.45,-5117.32,1467.23,271.73
168,2025-07-23T15:31:39.170262,BP_TelemetryFPS4Character_C_0,350.58,279.05,-5048.82,1507.97,265.05
169,2025-07-23T15:31:39.337461,BP_TelemetryFPS4Character_C_0,350.71,309.97,-4466.38,1306.65,197.48
170,2025-07-23T15:31:39.570876,BP_TelemetryFPS4Character_C_0,349.54,300.08,-4542.52,1427.1,226.37
171,2025-07-23T15:31:39.773002,BP_TelemetryFPS4Character_C_0,350.59,293.26,-4535.88,1543.6,264.99
172,2025-07-23T15:31:39.975529,BP_TelemetryFPS4Character_C_0,351.58,330.61,-3886.16,1382.19,192.5
173,2025-07-23T15:31:40.177847,BP_TelemetryFPS4Character_C_0,348.54,248.47,-4234.73,1959.67,273.42
174,2025-07-23T15:31:40.413141,BP_TelemetryFPS4Character_C_0,349.94,249.87,-4282.22,2062.93,276.44
175,2025-07-23T15:31:40.615585,BP_TelemetryFPS4Character_C_0,348.96,268.67,-4327.8,2206.42,274.08
176,2025-07-23T15:31:40.814748,BP_TelemetryFPS4Character_C_0,349.42,280.65,-4297.64,2204.37,275.85
177,2025-07-23T15:31:48.366728,BP_TelemetryFPS4Character_C_0,359.38,154.52,-2260.26,838.6,285.76
178,2025-07-23T15:31:48.563533,BP_TelemetryFPS4Character_C_0,359.38,153.82,-2283.25,865.09,285.46
179,2025-07-23T15:31:48.765960,BP_TelemetryFPS4Character_C_0,357.93,151.55,-1891.2,665.95,259.63
180,2025-07-23T15:31:48.967798,BP_TelemetryFPS4Character_C_0,357.75,148.06,-1804.37,593.07,262.65
181,2025-07-23T15:31:49.171004,BP_TelemetryFPS4Character_C_0,357.17,140.87,-1706.8,541.79,257.75
182,2025-07-23T15:31:49.373221,BP_TelemetryFPS4Character_C_0,356.12,139.82,-1914.9,606.23,226.74
183,2025-07-23T15:31:49.608052,BP_TelemetryFPS4Character_C_0,355.56,134.9,-1848.35,541.18,222.49
184,2025-07-23T15:31:49.808120,BP_TelemetryFPS4Character_C_0,355.45,127.13,-1686.93,404.48,236.76
185,2025-07-23T15:31:50.010251,BP_TelemetryFPS4Character_C_0,354.95,119.86,-1625.6,328.55,241.07
186,2025-07-23T15:31:50.209780,BP_TelemetryFPS4Character_C_0,354.73,107.37,-1494.03,123.58,261.46
187,2025-07-23T15:31:50.410786,BP_TelemetryFPS4Character_C_0,354.73,106.85,-1439.54,14.9,272.36
188,2025-07-23T15:31:50.644970,BP_TelemetryFPS4Character_C_0,354.17,120.16,-1451.12,18.49,267.72
189,2025-07-23T15:31:50.845894,BP_TelemetryFPS4Character_C_0,353.65,136.48,-1385.25,-54.64,272.96
190,2025-07-23T15:31:51.049197,BP_TelemetryFPS4Character_C_0,354.82,147.29,-1349.78,-59.99,275.03
191,2025-07-23T15:31:51.251309,BP_TelemetryFPS4Character_C_0,353.61,164.18,-1269.74,-102.69,273.78
192,2025-07-23T15:31:51.486432,BP_TelemetryFPS4Character_C_0,351.33,187.13,-1246.57,-114.79,262.15
193,2025-07-23T15:31:51.686043,BP_TelemetryFPS4Character_C_0,349.16,223.44,-1047.75,-96.0,272.86
194,2025-07-23T15:31:51.888500,BP_TelemetryFPS4Character_C_0,347.45,265.08,-902.96,57.85,267.17
195,2025-07-23T15:31:52.124002,BP_TelemetryFPS4Character_C_0,347.73,259.86,-902.63,169.3,271.63
196,2025-07-23T15:31:52.325771,BP_TelemetryFPS4Character_C_0,349.41,256.33,-905.09,223.88,265.87
197,2025-07-23T15:31:52.528351,BP_TelemetryFPS4Character_C_0,351.93,254.25,-886.16,332.94,276.48
198,2025-07-23T15:31:52.729843,BP_TelemetryFPS4Character_C_0,352.73,260.8,-848.94,367.65,272.04
199,2025-07-23T15:31:52.931132,BP_TelemetryFPS4Character_C_0,351.33,258.7,-824.83,552.11,275.9
200,2025-07-23T15:31:53.131495,BP_TelemetryFPS4Character_C_0,349.88,262.2,-846.77,651.16,272.33
201,2025-07-23T15:31:53.365527,BP_TelemetryFPS4Character_C_0,349.26,274.55,-873.64,741.01,271.62
202,2025-07-23T15:31:53.568012,BP_TelemetryFPS4Character_C_0,346.7,315.43,-957.23,871.72,266.8
203,2025-07-23T15:31:53.804186,BP_TelemetryFPS4Character_C_0,347.39,317.35,-1060.33,911.64,271.24
204,2025-07-23T15:31:54.004702,BP_TelemetryFPS4Character_C_0,349.8,276.56,-1224.47,890.27,271.41
205,2025-07-23T15:31:54.208383,BP_TelemetryFPS4Character_C_0,350.38,209.46,-1582.34,1018.3,248.92
206,2025-07-23T15:31:54.408754,BP_TelemetryFPS4Character_C_0,350.61,214.94,-1564.88,1126.18,261.36
207,2025-07-23T15:31:54.644509,BP_TelemetryFPS4Character_C_0,353.39,201.14,-1783.26,1188.03,265.23
208,2025-07-23T15:31:54.845131,BP_TelemetryFPS4Character_C_0,354.61,200.79,-1984.44,1196.5,271.0
209,2025-07-23T15:31:55.079363,BP_TelemetryFPS4Character_C_0,355.49,208.86,-2016.5,1202.09,278.84
210,2025-07-23T15:31:55.283557,BP_TelemetryFPS4Character_C_0,356.36,213.06,-1989.17,1282.35,291.49
211,2025-07-23T15:31:55.485477,BP_TelemetryFPS4Character_C_0,354.26,224.89,-2207.47,1249.71,270.12
212,2025-07-23T15:31:55.722868,BP_TelemetryFPS4Character_C_0,352.69,227.86,-2260.28,1339.2,265.05
213,2025-07-23T15:31:55.957557,BP_TelemetryFPS4Character_C_0,351.29,234.51,-2356.35,1345.87,248.37
214,2025-07-23T15:31:56.191831,BP_TelemetryFPS4Character_C_0,351.9,244.16,-2349.84,1425.1,264.2
215,2025-07-23T15:31:56.392809,BP_TelemetryFPS4Character_C_0,351.55,253.96,-2420.13,1448.75,266.39
216,2025-07-23T15:31:56.627034,BP_TelemetryFPS4Character_C_0,347.99,267.86,-2431.02,1600.06,273.73
217,2025-07-23T15:31:56.827287,BP_TelemetryFPS4Character_C_0,346.46,281.87,-2460.61,1615.58,268.89
218,2025-07-23T15:31:57.062475,BP_TelemetryFPS4Character_C_0,343.37,300.71,-2491.83,1693.21,267.13
219,2025-07-23T15:31:57.263345,BP_TelemetryFPS4Character_C_0,339.0,323.35,-2496.48,1728.27,216.97
220,2025-07-23T15:31:57.464226,BP_TelemetryFPS4Character_C_0,331.68,342.45,-2494.59,1765.38,165.47
221,2025-07-23T15:31:57.699121,BP_TelemetryFPS4Character_C_0,334.92,348.51,-2678.0,1789.25,279.86
222,2025-07-23T15:31:57.934059,BP_TelemetryFPS4Character_C_0,335.1,348.16,-2653.47,1776.25,273.82
223,2025-07-23T15:31:58.170778,BP_TelemetryFPS4Character_C_0,329.35,1.43,-2894.24,1875.38,366.19
224,2025-07-23T15:31:58.371524,BP_TelemetryFPS4Character_C_0,324.19,353.76,-2985.41,1830.81,401.21
225,2025-07-23T15:31:58.575093,BP_TelemetryFPS4Character_C_0,328.23,347.17,-2972.52,1733.56,357.44
226,2025-07-23T15:31:58.811573,BP_TelemetryFPS4Character_C_0,328.07,353.79,-2995.18,1689.23,319.84
227,2025-07-23T15:31:59.015269,BP_TelemetryFPS4Character_C_0,331.82,6.09,-3148.55,1702.56,369.85
228,2025-07-23T15:31:59.214745,BP_TelemetryFPS4Character_C_0,337.99,14.07,-3347.16,1700.85,440.96
229,2025-07-23T15:31:59.451218,BP_TelemetryFPS4Character_C_0,340.81,23.54,-3414.67,1650.82,443.29
230,2025-07-23T15:31:59.652694,BP_TelemetryFPS4Character_C_0,343.08,26.7,-3333.4,1649.09,383.44
231,2025-07-23T15:31:59.852615,BP_TelemetryFPS4Character_C_0,345.69,44.09,-3439.34,1653.22,351.12
232,2025-07-23T15:32:00.086987,BP_TelemetryFPS4Character_C_0,10.26,41.63,-3371.27,1647.83,450.58
233,2025-07-23T15:32:00.288256,BP_TelemetryFPS4Character_C_0,9.91,41.63,-3329.77,1684.71,455.16
234,2025-07-23T15:32:00.489525,BP_TelemetryFPS4Character_C_0,6.23,40.41,-3270.09,1735.08,410.42
235,2025-07-23T15:32:00.691933,BP_TelemetryFPS4Character_C_0,6.76,29.91,-3319.72,1674.46,433.68
236,2025-07-23T15:32:00.928000,BP_TelemetryFPS4Character_C_0,5.74,26.3,-3322.95,1660.76,418.72
237,2025-07-23T15:32:02.202000,BP_TelemetryFPS4Character_C_0,348.26,32.86,-4545.92,1210.94,243.31
238,2025-07-23T15:32:02.403455,BP_TelemetryFPS4Character_C_0,344.97,79.17,-4757.1,1080.88,259.71
239,2025-07-23T15:32:02.638033,BP_TelemetryFPS4Character_C_0,345.05,85.72,-4719.32,957.07,263.12
240,2025-07-23T15:32:02.840683,BP_TelemetryFPS4Character_C_0,347.22,80.11,-4701.35,846.27,268.22
241,2025-07-23T15:32:03.041282,BP_TelemetryFPS4Character_C_0,351.15,75.42,-4690.1,793.07,269.23
242,2025-07-23T15:32:03.243067,BP_TelemetryFPS4Character_C_0,351.33,67.55,-4682.75,698.5,267.26
243,2025-07-23T15:32:03.476704,BP_TelemetryFPS4Character_C_0,349.81,70.78,-4763.39,523.88,276.67
244,2025-07-23T15:32:03.678417,BP_TelemetryFPS4Character_C_0,347.95,76.47,-4818.38,411.67,271.59
245,2025-07-23T15:32:03.877764,BP_TelemetryFPS4Character_C_0,348.83,76.99,-4847.4,298.28,273.96
246,2025-07-23T15:32:04.111439,BP_TelemetryFPS4Character_C_0,349.88,74.54,-4848.37,256.72,265.36
247,2025-07-23T15:32:04.312966,BP_TelemetryFPS4Character_C_0,350.93,75.77,-4881.37,152.41,269.6
248,2025-07-23T15:32:04.513484,BP_TelemetryFPS4Character_C_0,352.5,83.82,-4930.57,80.17,274.65
249,2025-07-23T15:32:04.714673,BP_TelemetryFPS4Character_C_0,351.87,94.84,-4915.65,-44.67,274.69
250,2025-07-23T15:32:04.951950,BP_TelemetryFPS4Character_C_0,352.24,98.76,-4857.74,-72.56,269.56
251,2025-07-23T15:32:05.152329,BP_TelemetryFPS4Character_C_0,351.89,99.11,-4832.63,-180.22,269.29
252,2025-07-23T15:32:05.389774,BP_TelemetryFPS4Character_C_0,352.64,86.5,-4839.46,-247.62,268.37
253,2025-07-23T15:32:05.590429,BP_TelemetryFPS4Character_C_0,353.09,78.57,-4890.07,-338.86,271.75
254,2025-07-23T15:32:05.792123,BP_TelemetryFPS4Character_C_0,352.74,70.17,-4964.32,-447.42,274.92
255,2025-07-23T15:32:06.026081,BP_TelemetryFPS4Character_C_0,352.04,63.35,-5031.87,-504.56,272.85
256,2025-07-23T15:32:06.259788,BP_TelemetryFPS4Character_C_0,351.32,59.99,-5036.51,-624.91,277.19
257,2025-07-23T15:32:06.462426,BP_TelemetryFPS4Character_C_0,352.28,69.86,-5008.56,-707.15,278.04
258,2025-07-23T15:32:06.665565,BP_TelemetryFPS4Character_C_0,351.49,81.72,-5003.54,-779.82,274.83
259,2025-07-23T15:32:06.867833,BP_TelemetryFPS4Character_C_0,351.66,89.97,-4962.73,-859.19,273.86
260,2025-07-23T15:32:07.103337,BP_TelemetryFPS4Character_C_0,352.19,90.5,-4876.27,-819.71,257.77
261,2025-07-23T15:32:07.336056,BP_TelemetryFPS4Character_C_0,354.64,89.97,-4811.22,-804.82,265.23
262,2025-07-23T15:32:07.536863,BP_TelemetryFPS4Character_C_0,-20.85,127.84,-4854.75,-1173.32,249.7
263,2025-07-23T15:32:07.770673,BP_TelemetryFPS4Character_C_0,-19.56,121.55,-4844.0,-1189.79,248.97
264,2025-07-23T15:32:07.972970,BP_TelemetryFPS4Character_C_0,-14.89,102.65,-4832.66,-1213.6,246.4
265,2025-07-23T15:32:08.174474,BP_TelemetryFPS4Character_C_0,-15.9,90.73,-4825.63,-1289.08,246.94
266,2025-07-23T15:32:08.409270,BP_TelemetryFPS4Character_C_0,-16.65,82.3,-4829.88,-1339.06,247.35
267,2025-07-23T15:32:08.611534,BP_TelemetryFPS4Character_C_0,338.32,67.92,-4871.54,-1333.41,187.85
268,2025-07-23T15:32:08.849126,BP_TelemetryFPS4Character_C_0,338.5,68.27,-5051.04,-1578.45,223.17
269,2025-07-23T15:32:09.051671,BP_TelemetryFPS4Character_C_0,338.5,68.27,-5088.36,-1642.3,217.5
270,2025-07-23T15:32:09.252499,BP_TelemetryFPS4Character_C_0,345.87,77.46,-5104.35,-1798.04,265.61
271,2025-07-23T15:32:09.452785,BP_TelemetryFPS4Character_C_0,349.27,92.01,-5087.33,-1871.21,273.14
272,2025-07-23T15:32:09.687928,BP_TelemetryFPS4Character_C_0,351.83,122.26,-5002.65,-2023.04,280.29
273,2025-07-23T15:32:10.926516,BP_TelemetryFPS4Character_C_0,357.16,132.94,-4702.41,-2595.41,272.95
274,2025-07-23T15:32:11.128025,BP_TelemetryFPS4Character_C_0,355.76,129.36,-4630.53,-2700.95,262.15
275,2025-07-23T15:32:11.330697,BP_TelemetryFPS4Character_C_0,352.12,114.35,-4402.75,-2996.14,265.18
276,2025-07-23T15:32:11.565703,BP_TelemetryFPS4Character_C_0,352.84,95.37,-4345.93,-3082.24,271.59
277,2025-07-23T15:32:11.766310,BP_TelemetryFPS4Character_C_0,354.34,81.38,-4343.48,-3164.39,278.94
278,2025-07-23T15:32:12.002892,BP_TelemetryFPS4Character_C_0,353.66,66.97,-4357.72,-3212.53,271.79
279,2025-07-23T15:32:12.204819,BP_TelemetryFPS4Character_C_0,352.09,56.31,-4422.74,-3302.87,268.06
280,2025-07-23T15:32:12.406274,BP_TelemetryFPS4Character_C_0,350.24,47.87,-4528.59,-3437.08,272.77
281,2025-07-23T15:32:12.640492,BP_TelemetryFPS4Character_C_0,348.84,44.72,-4552.43,-3566.99,271.59
282,2025-07-23T15:32:12.841595,BP_TelemetryFPS4Character_C_0,347.58,62.66,-4472.98,-3417.29,217.36
283,2025-07-23T15:32:13.078411,BP_TelemetryFPS4Character_C_0,347.62,81.04,-4594.55,-3660.57,276.69
284,2025-07-23T15:32:13.279246,BP_TelemetryFPS4Character_C_0,349.38,92.06,-4580.66,-3670.75,291.18
285,2025-07-23T15:32:13.481518,BP_TelemetryFPS4Character_C_0,349.55,93.46,-4585.1,-3667.51,290.49
286,2025-07-23T15:32:13.717213,BP_TelemetryFPS4Character_C_0,348.15,89.61,-4581.41,-3640.54,281.47
287,2025-07-23T15:32:13.951083,BP_TelemetryFPS4Character_C_0,346.75,87.16,-4569.32,-3647.11,273.97
288,2025-07-23T15:32:14.153100,BP_TelemetryFPS4Character_C_0,345.35,85.06,-4556.22,-3671.04,271.54
289,2025-07-23T15:32:16.066138,BP_TelemetryFPS4Character_C_0,355.46,58.79,-4158.82,-4660.73,283.15
290,2025-07-23T15:32:16.267729,BP_TelemetryFPS4Character_C_0,351.77,70.9,-4282.37,-4769.11,274.65
291,2025-07-23T15:32:16.502211,BP_TelemetryFPS4Character_C_0,353.19,85.1,-4296.1,-4895.89,284.45
292,2025-07-23T15:32:16.704597,BP_TelemetryFPS4Character_C_0,349.72,102.86,-4285.68,-4957.98,270.77
293,2025-07-23T15:32:16.907174,BP_TelemetryFPS4Character_C_0,348.93,111.25,-4262.95,-5048.25,264.18
294,2025-07-23T15:32:17.143278,BP_TelemetryFPS4Character_C_0,349.45,112.48,-4183.94,-5124.27,265.23
295,2025-07-23T15:32:17.378401,BP_TelemetryFPS4Character_C_0,351.73,109.68,-4172.4,-5022.49,245.8
296,2025-07-23T15:32:17.580348,BP_TelemetryFPS4Character_C_0,352.43,108.28,-4159.63,-5010.09,236.26
297,2025-07-23T15:32:17.848985,BP_TelemetryFPS4Character_C_0,353.83,103.73,-4145.87,-4859.03,223.53
298,2025-07-23T15:32:18.051191,BP_TelemetryFPS4Character_C_0,354.35,101.98,-4164.68,-4863.19,217.2
299,2025-07-23T15:32:18.252481,BP_TelemetryFPS4Character_C_0,355.93,100.23,-4183.52,-4956.74,242.78
300,2025-07-23T15:32:18.489589,BP_TelemetryFPS4Character_C_0,356.45,99.0,-4238.94,-5050.88,250.87
301,2025-07-23T15:32:18.724294,BP_TelemetryFPS4Character_C_0,356.8,97.08,-4234.67,-4919.45,248.62
302,2025-07-23T15:32:18.959916,BP_TelemetryFPS4Character_C_0,356.98,97.08,-4221.26,-5027.49,257.4
303,2025-07-23T15:32:19.160259,BP_TelemetryFPS4Character_C_0,357.33,98.13,-4244.44,-4979.85,260.46
304,2025-07-23T15:32:19.395647,BP_TelemetryFPS4Character_C_0,357.85,100.93,-4290.41,-4982.81,268.85
305,2025-07-23T15:32:19.630494,BP_TelemetryFPS4Character_C_0,357.85,103.2,-4326.65,-4991.74,268.9
306,2025-07-23T15:32:19.866968,BP_TelemetryFPS4Character_C_0,0.13,103.2,-4485.18,-4315.97,307.7
307,2025-07-23T15:32:20.066590,BP_TelemetryFPS4Character_C_0,359.6,96.37,-4223.82,-4905.06,297.08
308,2025-07-23T15:32:20.304250,BP_TelemetryFPS4Character_C_0,358.2,93.22,-4165.89,-4949.84,274.04
309,2025-07-23T15:32:20.502275,BP_TelemetryFPS4Character_C_0,356.98,91.12,-4136.47,-4658.34,238.25
310,2025-07-23T15:32:20.739392,BP_TelemetryFPS4Character_C_0,356.28,94.27,-4182.97,-4956.7,242.25
311,2025-07-23T15:32:20.940545,BP_TelemetryFPS4Character_C_0,356.1,98.68,-4252.62,-4986.48,240.82
312,2025-07-23T15:32:21.175728,BP_TelemetryFPS4Character_C_0,356.1,99.21,-4260.8,-4989.3,241.53
313,2025-07-23T15:32:21.377116,BP_TelemetryFPS4Character_C_0,356.8,94.84,-4244.08,-4917.0,254.29
314,2025-07-23T15:32:21.578860,BP_TelemetryFPS4Character_C_0,355.75,92.74,-4290.03,-4912.33,243.18
315,2025-07-23T15:32:21.812733,BP_TelemetryFPS4Character_C_0,356.33,83.7,-4264.75,-4939.9,258.48
316,2025-07-23T15:32:22.048349,BP_TelemetryFPS4Character_C_0,356.5,74.13,-4233.95,-4945.17,264.78
317,2025-07-23T15:32:22.282903,BP_TelemetryFPS4Character_C_0,354.05,57.91,-4165.02,-4869.66,239.81
318,2025-07-23T15:32:22.516628,BP_TelemetryFPS4Character_C_0,352.65,51.61,-4241.13,-4921.51,246.23
319,2025-07-23T15:32:22.719471,BP_TelemetryFPS4Character_C_0,352.83,47.23,-4365.71,-4952.84,272.87
320,2025-07-23T15:32:22.919245,BP_TelemetryFPS4Character_C_0,353.38,55.82,-4342.47,-4861.93,270.34
321,2025-07-23T15:32:23.156281,BP_TelemetryFPS4Character_C_0,350.6,76.43,-4379.92,-4971.93,287.87
322,2025-07-23T15:32:23.357009,BP_TelemetryFPS4Character_C_0,351.49,89.05,-4304.9,-4596.34,285.44
323,2025-07-23T15:32:23.591979,BP_TelemetryFPS4Character_C_0,348.44,98.16,-4294.72,-4688.58,282.42
324,2025-07-23T15:32:23.827248,BP_TelemetryFPS4Character_C_0,349.22,112.66,-4319.32,-4761.74,269.92
325,2025-07-23T15:32:24.029906,BP_TelemetryFPS4Character_C_0,352.09,118.93,-4153.48,-5054.28,280.42
326,2025-07-23T15:32:24.265222,BP_TelemetryFPS4Character_C_0,353.67,116.83,-4138.24,-5050.27,267.92
327,2025-07-23T15:32:24.501017,BP_TelemetryFPS4Character_C_0,350.69,112.63,-4162.53,-5063.19,283.4
328,2025-07-23T15:32:24.736423,BP_TelemetryFPS4Character_C_0,349.12,111.58,-4206.65,-5117.9,288.9
329,2025-07-23T15:32:24.937383,BP_TelemetryFPS4Character_C_0,349.12,110.71,-4237.89,-5217.61,262.72
330,2025-07-23T15:32:25.171781,BP_TelemetryFPS4Character_C_0,349.47,110.53,-4363.88,-5057.48,151.75
331,2025-07-23T15:32:25.372611,BP_TelemetryFPS4Character_C_0,351.39,105.46,-4261.93,-5250.82,196.23
332,2025-07-23T15:32:25.574660,BP_TelemetryFPS4Character_C_0,353.84,101.43,-4298.69,-4849.8,187.77
333,2025-07-23T15:32:32.140575,BP_TelemetryFPS4Character_C_0,355.26,102.48,-2666.18,-1857.27,261.12
334,2025-07-23T15:32:32.363087,BP_TelemetryFPS4Character_C_0,354.91,102.83,-2622.49,-2109.5,274.05
335,2025-07-23T15:32:32.566871,BP_TelemetryFPS4Character_C_0,354.38,103.18,-2566.69,-2216.02,271.34
336,2025-07-23T15:32:32.800643,BP_TelemetryFPS4Character_C_0,354.38,103.18,-2521.58,-2116.0,269.85
337,2025-07-23T15:32:33.002122,BP_TelemetryFPS4Character_C_0,354.38,103.18,-2610.69,-1410.22,208.43
338,2025-07-23T15:32:33.236075,BP_TelemetryFPS4Character_C_0,352.63,103.71,-2549.24,-1698.11,167.47
339,2025-07-23T15:32:33.436614,BP_TelemetryFPS4Character_C_0,348.26,106.86,-2462.87,-2453.49,140.31
340,2025-07-23T15:32:33.671025,BP_TelemetryFPS4Character_C_0,342.66,116.48,-2386.71,-3120.43,192.32
341,2025-07-23T15:32:34.310259,BP_TelemetryFPS4Character_C_0,337.64,140.5,-2023.75,-3338.37,368.72
342,2025-07-23T15:32:34.510519,BP_TelemetryFPS4Character_C_0,338.34,147.08,-2002.35,-3363.0,347.53
343,2025-07-23T15:32:34.946003,BP_TelemetryFPS4Character_C_0,340.09,152.5,-2024.71,-3214.67,248.8
344,2025-07-23T15:32:35.181472,BP_TelemetryFPS4Character_C_0,341.01,163.28,-1959.41,-3272.0,285.13
345,2025-07-23T15:32:35.381976,BP_TelemetryFPS4Character_C_0,339.9,176.13,-2120.34,-3288.84,208.89
346,2025-07-23T15:32:35.616257,BP_TelemetryFPS4Character_C_0,338.5,182.96,-2227.8,-3279.29,170.77
347,2025-07-23T15:32:36.053917,BP_TelemetryFPS4Character_C_0,331.69,209.65,-1879.97,-3212.23,214.56
348,2025-07-23T15:32:37.839444,BP_TelemetryFPS4Character_C_0,345.01,214.19,-1141.49,-2246.9,271.57
349,2025-07-23T15:32:38.040056,BP_TelemetryFPS4Character_C_0,340.07,217.8,-1136.33,-2337.01,203.44
350,2025-07-23T15:32:38.277027,BP_TelemetryFPS4Character_C_0,338.15,217.97,-1134.25,-2377.46,153.53
351,2025-07-23T15:32:38.475651,BP_TelemetryFPS4Character_C_0,342.37,199.45,-929.95,-2219.37,283.29
352,2025-07-23T15:32:38.710290,BP_TelemetryFPS4Character_C_0,344.28,194.54,-860.26,-2184.4,270.71
353,2025-07-23T15:32:38.910669,BP_TelemetryFPS4Character_C_0,344.09,185.43,-851.12,-2150.38,274.05
354,2025-07-23T15:32:39.145171,BP_TelemetryFPS4Character_C_0,342.82,179.36,-856.25,-2129.98,268.43
355,2025-07-23T15:32:39.380781,BP_TelemetryFPS4Character_C_0,342.07,192.64,-850.28,-2177.91,268.59
356,2025-07-23T15:32:39.581123,BP_TelemetryFPS4Character_C_0,340.25,208.11,-813.37,-2211.92,273.11
357,2025-07-23T15:32:39.784761,BP_TelemetryFPS4Character_C_0,338.94,220.9,-767.5,-2211.92,285.76
358,2025-07-23T15:32:39.985748,BP_TelemetryFPS4Character_C_0,336.06,265.26,-693.37,-2249.7,280.31
359,2025-07-23T15:32:40.221427,BP_TelemetryFPS4Character_C_0,339.59,233.27,-770.7,-2255.73,274.09
360,2025-07-23T15:32:40.423635,BP_TelemetryFPS4Character_C_0,333.62,252.4,-722.89,-2287.99,252.71
361,2025-07-23T15:32:40.658861,BP_TelemetryFPS4Character_C_0,322.22,233.98,-704.37,-2262.12,305.91
362,2025-07-23T15:32:40.861109,BP_TelemetryFPS4Character_C_0,321.33,227.21,-725.27,-2373.9,171.22
363,2025-07-23T15:32:41.095725,BP_TelemetryFPS4Character_C_0,325.1,220.18,-739.24,-2359.68,203.09
364,2025-07-23T15:32:41.331392,BP_TelemetryFPS4Character_C_0,330.95,212.91,-710.22,-2293.92,278.4
365,2025-07-23T15:32:41.534519,BP_TelemetryFPS4Character_C_0,330.57,222.99,-686.33,-2331.3,274.11
366,2025-07-23T15:32:41.735411,BP_TelemetryFPS4Character_C_0,332.04,211.58,-718.37,-2292.16,280.77
367,2025-07-23T15:32:41.936453,BP_TelemetryFPS4Character_C_0,334.57,199.32,-765.17,-2251.13,281.86
368,2025-07-23T15:32:42.170945,BP_TelemetryFPS4Character_C_0,342.3,187.55,-914.91,-2213.38,278.87
369,2025-07-23T15:32:42.439691,BP_TelemetryFPS4Character_C_0,347.52,194.26,-1020.3,-2290.53,292.27
370,2025-07-23T15:32:42.641968,BP_TelemetryFPS4Character_C_0,346.71,208.47,-914.66,-2382.82,299.89
371,2025-07-23T15:32:42.876987,BP_TelemetryFPS4Character_C_0,347.65,201.51,-976.31,-2345.82,298.96
372,2025-07-23T15:32:43.113937,BP_TelemetryFPS4Character_C_0,351.26,189.51,-1201.47,-2275.89,301.01
373,2025-07-23T15:32:43.283007,BP_TelemetryFPS4Character_C_0,352.31,182.69,-1261.59,-2194.22,307.25
374,2025-07-23T15:32:43.519079,BP_TelemetryFPS4Character_C_0,347.06,179.54,-969.87,-2154.73,303.19
375,2025-07-23T15:32:43.720507,BP_TelemetryFPS4Character_C_0,343.0,191.56,-902.01,-2240.53,286.77
376,2025-07-23T15:32:43.955257,BP_TelemetryFPS4Character_C_0,344.94,200.02,-915.56,-2309.56,292.68
377,2025-07-23T15:32:44.151614,BP_TelemetryFPS4Character_C_0,348.26,203.35,-1002.36,-2374.9,297.26
378,2025-07-23T15:32:44.386773,BP_TelemetryFPS4Character_C_0,353.03,198.89,-1346.28,-2447.75,300.76
379,2025-07-23T15:32:44.621200,BP_TelemetryFPS4Character_C_0,354.25,197.49,-1590.38,-2501.79,294.94
380,2025-07-23T15:32:44.821872,BP_TelemetryFPS4Character_C_0,348.13,214.81,-1015.46,-2516.24,279.03
381,2025-07-23T15:32:45.056337,BP_TelemetryFPS4Character_C_0,346.56,209.74,-896.25,-2384.3,302.23
382,2025-07-23T15:32:45.291339,BP_TelemetryFPS4Character_C_0,347.43,198.77,-1085.66,-2357.22,273.18
383,2025-07-23T15:32:45.527403,BP_TelemetryFPS4Character_C_0,349.05,187.68,-1158.34,-2247.16,282.25
384,2025-07-23T15:32:45.726872,BP_TelemetryFPS4Character_C_0,346.43,185.41,-1041.07,-2209.61,280.1
385,2025-07-23T15:32:45.928062,BP_TelemetryFPS4Character_C_0,340.7,187.81,-909.66,-2214.59,268.19
386,2025-07-23T15:32:46.163529,BP_TelemetryFPS4Character_C_0,335.0,200.35,-762.55,-2255.51,284.69
387,2025-07-23T15:32:46.398724,BP_TelemetryFPS4Character_C_0,334.79,207.62,-788.8,-2309.06,261.99
388,2025-07-23T15:32:46.633349,BP_TelemetryFPS4Character_C_0,334.27,215.31,-701.82,-2300.78,296.51
389,2025-07-23T15:32:46.833727,BP_TelemetryFPS4Character_C_0,333.39,221.96,-711.92,-2348.19,273.45
390,2025-07-23T15:32:47.035270,BP_TelemetryFPS4Character_C_0,333.22,229.14,-678.42,-2363.61,278.75
391,2025-07-23T15:32:47.236785,BP_TelemetryFPS4Character_C_0,333.04,233.86,-663.3,-2380.79,275.74
392,2025-07-23T15:32:47.439300,BP_TelemetryFPS4Character_C_0,332.34,239.46,-644.7,-2402.11,267.85
393,2025-07-23T15:32:47.673590,BP_TelemetryFPS4Character_C_0,332.34,246.11,-616.64,-2419.63,266.41
394,2025-07-23T15:32:47.908880,BP_TelemetryFPS4Character_C_0,333.11,253.43,-569.87,-2390.01,293.2
395,2025-07-23T15:32:48.078626,BP_TelemetryFPS4Character_C_0,333.63,260.43,-546.42,-2427.95,279.99
396,2025-07-23T15:32:48.280887,BP_TelemetryFPS4Character_C_0,333.98,268.48,-508.34,-2435.43,280.06
397,2025-07-23T15:32:48.517957,BP_TelemetryFPS4Character_C_0,333.98,276.35,-468.66,-2448.83,272.69
398,2025-07-23T15:32:48.719861,BP_TelemetryFPS4Character_C_0,333.81,283.92,-427.88,-2453.54,265.84
399,2025-07-23T15:32:48.921612,BP_TelemetryFPS4Character_C_0,333.46,292.27,-397.89,-2410.27,279.63
400,2025-07-23T15:32:49.155422,BP_TelemetryFPS4Character_C_0,331.39,314.21,-317.67,-2346.96,273.18
401,2025-07-23T15:32:49.389185,BP_TelemetryFPS4Character_C_0,331.21,319.98,-341.64,-2292.29,302.37
402,2025-07-23T15:32:49.590568,BP_TelemetryFPS4Character_C_0,331.21,321.91,-282.55,-2329.73,264.19
403,2025-07-23T15:32:49.825474,BP_TelemetryFPS4Character_C_0,329.45,309.18,-336.42,-2360.44,263.95
404,2025-07-23T15:32:50.061066,BP_TelemetryFPS4Character_C_0,329.45,301.55,-388.28,-2342.02,290.59
405,2025-07-23T15:32:50.262423,BP_TelemetryFPS4Character_C_0,330.04,286.23,-429.55,-2403.96,270.0
406,2025-07-23T15:32:50.463566,BP_TelemetryFPS4Character_C_0,330.87,276.49,-476.72,-2371.76,297.26
407,2025-07-23T15:32:50.700194,BP_TelemetryFPS4Character_C_0,332.71,263.31,-531.87,-2421.93,279.06
408,2025-07-23T15:32:50.902714,BP_TelemetryFPS4Character_C_0,333.71,251.9,-573.9,-2381.56,299.49
409,2025-07-23T15:32:51.103024,BP_TelemetryFPS4Character_C_0,335.11,245.35,-625.5,-2429.81,276.23
410,2025-07-23T15:32:51.340139,BP_TelemetryFPS4Character_C_0,336.24,232.59,-697.16,-2414.97,272.1
411,2025-07-23T15:32:51.541245,BP_TelemetryFPS4Character_C_0,336.59,223.48,-736.81,-2382.1,273.4
412,2025-07-23T15:32:51.742740,BP_TelemetryFPS4Character_C_0,338.03,214.78,-748.27,-2330.26,292.09
413,2025-07-23T15:32:52.010459,BP_TelemetryFPS4Character_C_0,338.21,205.51,-760.89,-2282.52,298.34
414,2025-07-23T15:32:52.211448,BP_TelemetryFPS4Character_C_0,340.5,197.05,-852.67,-2266.37,282.41
415,2025-07-23T15:32:52.478367,BP_TelemetryFPS4Character_C_0,343.66,188.92,-947.54,-2228.56,279.26
416,2025-07-23T15:32:52.745564,BP_TelemetryFPS4Character_C_0,346.11,185.59,-1039.19,-2211.2,277.46
417,2025-07-23T15:32:52.980688,BP_TelemetryFPS4Character_C_0,347.69,189.79,-999.18,-2244.48,300.48
418,2025-07-23T15:32:53.215507,BP_TelemetryFPS4Character_C_0,346.07,200.27,-910.3,-2309.67,302.96
419,2025-07-23T15:32:53.450108,BP_TelemetryFPS4Character_C_0,343.49,211.53,-875.93,-2388.57,281.38
420,2025-07-23T15:32:53.684048,BP_TelemetryFPS4Character_C_0,341.38,218.84,-804.58,-2402.95,281.06
421,2025-07-23T15:32:53.919041,BP_TelemetryFPS4Character_C_0,340.68,224.26,-748.53,-2399.77,291.42
422,2025-07-23T15:32:54.188231,BP_TelemetryFPS4Character_C_0,340.68,222.51,-792.87,-2426.09,273.78
423,2025-07-23T15:32:54.423988,BP_TelemetryFPS4Character_C_0,342.44,208.64,-875.22,-2362.92,277.1
424,2025-07-23T15:32:54.623898,BP_TelemetryFPS4Character_C_0,345.94,196.52,-975.67,-2299.27,287.14
425,2025-07-23T15:32:54.858966,BP_TelemetryFPS4Character_C_0,348.52,184.67,-1098.01,-2207.31,288.99
426,2025-07-23T15:32:55.094143,BP_TelemetryFPS4Character_C_0,347.82,181.52,-973.34,-2171.07,308.79
427,2025-07-23T15:32:55.295927,BP_TelemetryFPS4Character_C_0,346.24,181.52,-973.27,-2171.07,295.45
428,2025-07-23T15:32:55.530416,BP_TelemetryFPS4Character_C_0,341.52,185.2,-901.47,-2194.94,277.95
429,2025-07-23T15:32:55.764055,BP_TelemetryFPS4Character_C_0,338.37,189.57,-791.69,-2207.53,296.52
430,2025-07-23T15:32:55.966018,BP_TelemetryFPS4Character_C_0,336.1,192.02,-795.06,-2221.13,281.06
431,2025-07-23T15:32:56.200298,BP_TelemetryFPS4Character_C_0,334.08,198.38,-780.03,-2251.22,272.3
432,2025-07-23T15:32:56.470778,BP_TelemetryFPS4Character_C_0,331.2,208.6,-782.97,-2312.27,240.14
433,2025-07-23T15:32:56.704886,BP_TelemetryFPS4Character_C_0,331.55,218.69,-712.16,-2327.65,269.92
434,2025-07-23T15:32:56.905601,BP_TelemetryFPS4Character_C_0,332.1,226.55,-683.83,-2351.49,275.43
435,2025-07-23T15:32:57.175500,BP_TelemetryFPS4Character_C_0,331.92,235.47,-661.16,-2391.29,265.57
436,2025-07-23T15:32:57.411759,BP_TelemetryFPS4Character_C_0,331.57,240.37,-662.17,-2441.88,240.01
437,2025-07-23T15:32:57.680333,BP_TelemetryFPS4Character_C_0,331.75,246.14,-616.71,-2420.18,262.64
438,2025-07-23T15:32:57.915630,BP_TelemetryFPS4Character_C_0,337.74,241.73,-662.67,-2459.13,273.96
439,2025-07-23T15:32:58.151663,BP_TelemetryFPS4Character_C_0,341.22,231.7,-753.51,-2478.25,273.91
440,2025-07-23T15:32:58.352573,BP_TelemetryFPS4Character_C_0,342.56,223.63,-824.39,-2466.78,271.65
441,2025-07-23T15:32:58.553647,BP_TelemetryFPS4Character_C_0,342.73,215.4,-803.56,-2373.51,296.6
442,2025-07-23T15:32:58.788836,BP_TelemetryFPS4Character_C_0,342.56,212.6,-866.43,-2392.2,275.73
443,2025-07-23T15:32:58.990950,BP_TelemetryFPS4Character_C_0,342.38,205.6,-871.99,-2336.25,281.44
444,2025-07-23T15:32:59.226153,BP_TelemetryFPS4Character_C_0,343.43,195.77,-894.11,-2269.54,290.25
445,2025-07-23T15:32:59.459216,BP_TelemetryFPS4Character_C_0,345.45,187.49,-989.86,-2222.78,283.3
446,2025-07-23T15:32:59.659716,BP_TelemetryFPS4Character_C_0,348.45,181.65,-1048.21,-2174.24,298.82
447,2025-07-23T15:32:59.860598,BP_TelemetryFPS4Character_C_0,353.0,182.17,-1173.08,-2184.0,327.46
448,2025-07-23T15:33:00.095193,BP_TelemetryFPS4Character_C_0,353.35,189.52,-1464.93,-2320.19,296.06
449,2025-07-23T15:33:00.295076,BP_TelemetryFPS4Character_C_0,348.55,198.61,-1013.69,-2331.12,301.06
450,2025-07-23T15:33:00.529092,BP_TelemetryFPS4Character_C_0,342.26,209.07,-882.78,-2370.75,272.35
451,2025-07-23T15:33:00.731007,BP_TelemetryFPS4Character_C_0,337.16,216.82,-801.62,-2378.67,279.61
452,2025-07-23T15:33:00.930852,BP_TelemetryFPS4Character_C_0,335.58,218.04,-931.29,-2482.82,283.02
453,2025-07-23T15:33:01.200365,BP_TelemetryFPS4Character_C_0,329.81,218.92,-1041.39,-2568.7,272.42
454,2025-07-23T15:33:01.436420,BP_TelemetryFPS4Character_C_0,323.68,218.39,-1042.75,-2558.99,272.83
455,2025-07-23T15:33:01.670476,BP_TelemetryFPS4Character_C_0,318.54,212.98,-1087.45,-2541.39,272.38
456,2025-07-23T15:33:01.939455,BP_TelemetryFPS4Character_C_0,323.6,187.68,-1287.78,-2441.67,277.51
457,2025-07-23T15:33:02.140934,BP_TelemetryFPS4Character_C_0,325.01,174.22,-1398.09,-2370.45,270.4
458,2025-07-23T15:33:02.410433,BP_TelemetryFPS4Character_C_0,325.19,159.57,-1559.29,-2351.24,274.77
459,2025-07-23T15:33:02.612228,BP_TelemetryFPS4Character_C_0,327.23,145.7,-1588.29,-2286.14,271.34
460,2025-07-23T15:33:02.847933,BP_TelemetryFPS4Character_C_0,330.98,134.28,-1555.64,-2277.95,289.14
461,2025-07-23T15:33:03.051566,BP_TelemetryFPS4Character_C_0,330.98,134.28,-1611.87,-2378.04,266.24
462,2025-07-23T15:33:03.252824,BP_TelemetryFPS4Character_C_0,348.03,100.26,-1430.24,-2482.81,276.46
463,2025-07-23T15:33:03.454994,BP_TelemetryFPS4Character_C_0,351.01,101.66,-1484.59,-2448.86,285.17
464,2025-07-23T15:33:03.689434,BP_TelemetryFPS4Character_C_0,346.46,106.56,-1457.26,-2866.25,291.31
465,2025-07-23T15:33:03.958038,BP_TelemetryFPS4Character_C_0,344.71,104.64,-1602.13,-2619.66,203.59
466,2025-07-23T15:33:04.226507,BP_TelemetryFPS4Character_C_0,342.65,91.08,-1645.74,-2866.08,262.83
467,2025-07-23T15:33:04.494861,BP_TelemetryFPS4Character_C_0,346.81,81.53,-1701.77,-2709.48,234.16
468,2025-07-23T15:33:04.764038,BP_TelemetryFPS4Character_C_0,354.32,59.01,-1737.2,-2824.57,281.37
469,2025-07-23T15:33:05.065597,BP_TelemetryFPS4Character_C_0,354.5,60.06,-1827.26,-2785.45,274.26
470,2025-07-23T15:33:05.335377,BP_TelemetryFPS4Character_C_0,354.5,60.06,-1948.43,-2798.12,271.81
471,2025-07-23T15:33:05.605173,BP_TelemetryFPS4Character_C_0,356.42,57.78,-1928.38,-2617.85,269.69
472,2025-07-23T15:33:05.839426,BP_TelemetryFPS4Character_C_0,355.9,57.61,-2099.22,-2768.77,280.7
473,2025-07-23T15:33:06.075862,BP_TelemetryFPS4Character_C_0,354.32,59.18,-2189.94,-2684.07,267.99
474,2025-07-23T15:33:06.344583,BP_TelemetryFPS4Character_C_0,353.97,58.66,-2344.43,-2719.68,274.28
475,2025-07-23T15:33:06.615176,BP_TelemetryFPS4Character_C_0,353.8,55.86,-2336.91,-2568.1,243.81
476,2025-07-23T15:33:06.883962,BP_TelemetryFPS4Character_C_0,353.64,29.6,-2533.86,-2941.04,274.38
477,2025-07-23T15:33:07.154718,BP_TelemetryFPS4Character_C_0,353.78,18.21,-2621.95,-2983.36,277.68
478,2025-07-23T15:33:07.455957,BP_TelemetryFPS4Character_C_0,355.01,13.49,-2621.87,-2942.85,278.48
479,2025-07-23T15:33:07.725540,BP_TelemetryFPS4Character_C_0,355.71,359.66,-2764.92,-2947.22,288.84
480,2025-07-23T15:33:07.994443,BP_TelemetryFPS4Character_C_0,354.83,351.44,-2759.22,-2938.39,274.66
